{
  "run_id": "E8__qwen25_7b__mhst__state_only_decomposition__seed0",
  "source_artifacts": {
    "row_jsonl": "outputs/behavior/m4_qwen_behavior/E4prep__qwen25_7b__mhst__rows__seed0.jsonl",
    "pair_jsonl": "outputs/behavior/m4_qwen_behavior/E4prep__qwen25_7b__mhst__pairs__seed0.jsonl"
  },
  "target_definition": "Reuses the M7 mean flipability semantics: per-example mean over doses of 1[B_raw <= d].",
  "fit_split": "train",
  "eval_split": "test",
  "feature_set": [
    "m",
    "o_prefix"
  ],
  "model_class": "isotonic regression of mean flipability on o_prefix, fitted separately by m with monotone decreasing constraint",
  "train_ranges": {
    "1": {
      "min_o_prefix": -10.248399814357981,
      "max_o_prefix": 10.890893906820565,
      "n_examples": 480
    },
    "2": {
      "min_o_prefix": -10.842378283850849,
      "max_o_prefix": 11.773203138669487,
      "n_examples": 641
    },
    "3": {
      "min_o_prefix": -9.941278823884204,
      "max_o_prefix": 11.916814591619186,
      "n_examples": 781
    }
  },
  "subsets": {
    "overall": {
      "pair_count": 185,
      "actual": {
        "mean": 0.3969111969111969,
        "ci": {
          "low": 0.342046332046332,
          "high": 0.450965250965251
        },
        "n_pairs": 185
      },
      "predicted": {
        "mean": 0.353054644771322,
        "ci": {
          "low": 0.31211214025610245,
          "high": 0.39455421065691
        },
        "n_pairs": 185
      },
      "residual": {
        "mean": 0.043856552139874966,
        "ci": {
          "low": 0.013129760891620285,
          "high": 0.07559664905660327
        },
        "n_pairs": 185
      }
    },
    "S_lead": {
      "pair_count": 113,
      "actual": {
        "mean": 0.2642225031605563,
        "ci": {
          "low": 0.20347661188369154,
          "high": 0.32999367888748415
        },
        "n_pairs": 113
      },
      "predicted": {
        "mean": 0.20939270343811597,
        "ci": {
          "low": 0.1644851076082485,
          "high": 0.25504755859150363
        },
        "n_pairs": 113
      },
      "residual": {
        "mean": 0.05482979972244029,
        "ci": {
          "low": 0.021217392728007732,
          "high": 0.09144183923571358
        },
        "n_pairs": 113
      }
    },
    "k=0": {
      "pair_count": 48,
      "actual": {
        "mean": 0.0,
        "ci": {
          "low": 0.0,
          "high": 0.0
        },
        "n_pairs": 48
      },
      "predicted": {
        "mean": 0.0,
        "ci": {
          "low": 0.0,
          "high": 0.0
        },
        "n_pairs": 48
      },
      "residual": {
        "mean": 0.0,
        "ci": {
          "low": 0.0,
          "high": 0.0
        },
        "n_pairs": 48
      }
    },
    "k>0": {
      "pair_count": 137,
      "actual": {
        "mean": 0.5359749739311783,
        "ci": {
          "low": 0.47442648592283626,
          "high": 0.5975234619395203
        },
        "n_pairs": 137
      },
      "predicted": {
        "mean": 0.4767526225014202,
        "ci": {
          "low": 0.434559520239687,
          "high": 0.519336820227936
        },
        "n_pairs": 137
      },
      "residual": {
        "mean": 0.05922235142975816,
        "ci": {
          "low": 0.017843358863033232,
          "high": 0.10161740558486203
        },
        "n_pairs": 137
      }
    },
    "k=1": {
      "pair_count": 51,
      "actual": {
        "mean": 0.38095238095238093,
        "ci": {
          "low": 0.30245098039215684,
          "high": 0.47058823529411764
        },
        "n_pairs": 51
      },
      "predicted": {
        "mean": 0.38727376793719315,
        "ci": {
          "low": 0.32108307440613904,
          "high": 0.45400988930663344
        },
        "n_pairs": 51
      },
      "residual": {
        "mean": -0.006321386984812156,
        "ci": {
          "low": -0.0693493098340467,
          "high": 0.05808052209995662
        },
        "n_pairs": 51
      }
    },
    "k=2": {
      "pair_count": 86,
      "actual": {
        "mean": 0.627906976744186,
        "ci": {
          "low": 0.5548172757475083,
          "high": 0.704360465116279
        },
        "n_pairs": 86
      },
      "predicted": {
        "mean": 0.5298156641616013,
        "ci": {
          "low": 0.48235329386036097,
          "high": 0.5823604697122052
        },
        "n_pairs": 86
      },
      "residual": {
        "mean": 0.09809131258258476,
        "ci": {
          "low": 0.04226806938365043,
          "high": 0.15269895768971595
        },
        "n_pairs": 86
      }
    }
  }
}